ID;Preço;Quantidade
1;10.800000;5
2;20.500000;10
3;30.600000;15
